Date;Type;Valeur
11/12/1885 08:00;Hauteur;560
26/09/1885 08:00;Hauteur;90
30/10/1885 15:00;Débit;715
30/10/1885 15:00;Hauteur;230
30/11/1885 15:00;Débit;778
30/11/1885 15:00;Hauteur;250
11/12/1885 08:00;Débit;1620
11/12/1885 08:00;Hauteur;560
04/02/1886 15:00;Hauteur;460
30/01/1886 08:00;Débit;1170
30/01/1886 08:00;Hauteur;400
04/02/1886 15:00;Débit;1320
04/02/1886 15:00;Hauteur;460
08/03/1886 08:00;Débit;995
08/03/1886 08:00;Hauteur;330
12/04/1886 08:00;Débit;401
12/04/1886 08:00;Hauteur;140
14/05/1886 08:00;Débit;348
14/05/1886 08:00;Hauteur;130
12/06/1886 15:00;Débit;442
12/06/1886 15:00;Hauteur;150
01/07/1886 08:00;Débit;348
01/07/1886 08:00;Hauteur;130
02/08/1886 08:00;Débit;207
02/08/1886 08:00;Hauteur;110
11/09/1886 15:00;Débit;149
11/09/1886 15:00;Hauteur;100
19/10/1886 15:00;Débit;348
19/10/1886 15:00;Hauteur;130
20/11/1886 08:00;Débit;488
20/11/1886 08:00;Hauteur;160
31/12/1886 15:00;Débit;1070
31/12/1886 15:00;Hauteur;360
01/01/1887 08:00;Hauteur;360
01/01/1887 08:00;Débit;1070
01/01/1887 08:00;Hauteur;360
05/02/1887 08:00;Débit;488
05/02/1887 08:00;Hauteur;160
27/03/1887 15:00;Débit;520
27/03/1887 15:00;Hauteur;170
03/04/1887 08:00;Débit;618
03/04/1887 08:00;Hauteur;200
07/05/1887 08:00;Débit;715
07/05/1887 08:00;Hauteur;230
04/06/1887 15:00;Débit;553
04/06/1887 15:00;Hauteur;180
01/07/1887 08:00;Débit;207
01/07/1887 08:00;Hauteur;110
02/08/1887 08:00;Débit;207
02/08/1887 08:00;Hauteur;110
10/09/1887 08:00;Débit;115
10/09/1887 08:00;Hauteur;90
05/10/1887 08:00;Débit;149
05/10/1887 08:00;Hauteur;100
27/11/1887 08:00;Débit;278
27/11/1887 08:00;Hauteur;120
18/12/1887 08:00;Débit;891
18/12/1887 08:00;Hauteur;290
18/03/1888 08:00;Débit;1170
18/03/1888 08:00;Hauteur;400
24/01/1888 15:00;Débit;520
24/01/1888 15:00;Hauteur;170
13/02/1888 15:00;Débit;807
13/02/1888 15:00;Hauteur;260
18/03/1888 08:00;Débit;1170
18/03/1888 08:00;Hauteur;400
03/04/1888 08:00;Débit;1120
03/04/1888 08:00;Hauteur;380
01/05/1888 00:01;Débit;849
01/05/1888 00:01;Hauteur;275
29/06/1888 15:00;Débit;348
29/06/1888 15:00;Hauteur;130
20/07/1888 08:00;Débit;553
20/07/1888 08:00;Hauteur;180
02/08/1888 08:00;Débit;553
02/08/1888 08:00;Hauteur;180
06/09/1888 08:00;Débit;207
06/09/1888 08:00;Hauteur;110
14/10/1888 15:00;Débit;401
14/10/1888 15:00;Hauteur;140
30/11/1888 15:00;Débit;442
30/11/1888 15:00;Hauteur;150
03/12/1888 15:00;Débit;585
03/12/1888 15:00;Hauteur;190
24/02/1889 15:00;Débit;1670
24/02/1889 15:00;Hauteur;578
01/01/1889 00:01;Débit;477
01/01/1889 00:01;Hauteur;158
24/02/1889 15:00;Débit;1670
24/02/1889 15:00;Hauteur;578
01/03/1889 00:01;Débit;1370
01/03/1889 00:01;Hauteur;475
07/04/1889 08:00;Débit;891
07/04/1889 08:00;Hauteur;290
03/05/1889 08:00;Débit;488
03/05/1889 08:00;Hauteur;160
17/06/1889 08:00;Débit;488
17/06/1889 08:00;Hauteur;160
01/07/1889 08:00;Débit;488
01/07/1889 08:00;Hauteur;160
08/08/1889 08:00;Débit;278
08/08/1889 08:00;Hauteur;120
24/09/1889 15:00;Débit;278
24/09/1889 15:00;Hauteur;120
24/10/1889 08:00;Débit;348
24/10/1889 08:00;Hauteur;130
14/11/1889 08:00;Débit;585
14/11/1889 08:00;Hauteur;190
12/12/1889 15:00;Débit;618
12/12/1889 15:00;Hauteur;200
17/05/1890 15:00;Hauteur;260
25/01/1890 15:00;Débit;682
25/01/1890 15:00;Hauteur;220
01/02/1890 08:00;Débit;585
01/02/1890 08:00;Hauteur;190
10/03/1890 15:00;Débit;278
10/03/1890 15:00;Hauteur;120
28/04/1890 08:00;Débit;442
28/04/1890 08:00;Hauteur;150
17/05/1890 15:00;Débit;807
17/05/1890 15:00;Hauteur;260
01/06/1890 00:01;Débit;437
01/06/1890 00:01;Hauteur;149
12/07/1890 08:00;Débit;348
12/07/1890 08:00;Hauteur;130
09/08/1890 15:00;Débit;348
09/08/1890 15:00;Hauteur;130
23/09/1890 15:00;Débit;348
23/09/1890 15:00;Hauteur;130
28/10/1890 15:00;Débit;401
28/10/1890 15:00;Hauteur;140
26/11/1890 15:00;Débit;618
26/11/1890 15:00;Hauteur;200
03/12/1890 08:00;Débit;585
03/12/1890 08:00;Hauteur;190
11/04/1891 08:00;Hauteur;280
27/01/1891 08:00;Débit;863
27/01/1891 08:00;Hauteur;280
03/02/1891 08:00;Débit;650
03/02/1891 08:00;Hauteur;210
21/03/1891 15:00;Débit;682
21/03/1891 15:00;Hauteur;220
11/04/1891 08:00;Débit;863
11/04/1891 08:00;Hauteur;280
08/05/1891 08:00;Débit;488
08/05/1891 08:00;Hauteur;160
12/06/1891 08:00;Débit;807
12/06/1891 08:00;Hauteur;260
03/07/1891 08:00;Débit;442
03/07/1891 08:00;Hauteur;150
15/08/1891 08:00;Débit;207
15/08/1891 08:00;Hauteur;110
23/09/1891 08:00;Débit;213
23/09/1891 08:00;Hauteur;111
27/10/1891 15:00;Débit;278
27/10/1891 15:00;Hauteur;120
24/11/1891 08:00;Débit;401
24/11/1891 08:00;Hauteur;140
19/12/1891 15:00;Débit;682
19/12/1891 15:00;Hauteur;220
23/02/1892 08:00;Hauteur;410
01/01/1892 15:00;Débit;778
01/01/1892 15:00;Hauteur;250
23/02/1892 08:00;Débit;1190
23/02/1892 08:00;Hauteur;410
02/03/1892 08:00;Débit;919
02/03/1892 08:00;Hauteur;300
01/04/1892 00:01;Débit;589
01/04/1892 00:01;Hauteur;191
08/05/1892 08:00;Débit;278
08/05/1892 08:00;Hauteur;120
16/06/1892 15:00;Débit;207
16/06/1892 15:00;Hauteur;110
22/07/1892 15:00;Débit;207
22/07/1892 15:00;Hauteur;110
03/08/1892 08:00;Débit;149
03/08/1892 08:00;Hauteur;100
15/09/1892 08:00;Débit;115
15/09/1892 08:00;Hauteur;90
31/10/1892 23:59;Débit;772
31/10/1892 23:59;Hauteur;248
03/11/1892 15:00;Débit;1040
03/11/1892 15:00;Hauteur;350
14/12/1892 08:00;Débit;1020
14/12/1892 08:00;Hauteur;340
24/02/1893 08:00;Hauteur;380
28/01/1893 08:00;Débit;835
28/01/1893 08:00;Hauteur;270
24/02/1893 08:00;Débit;1120
24/02/1893 08:00;Hauteur;380
01/03/1893 15:00;Débit;1070
01/03/1893 15:00;Hauteur;360
01/04/1893 08:00;Débit;401
01/04/1893 08:00;Hauteur;140
01/05/1893 08:00;Débit;149
01/05/1893 08:00;Hauteur;100
01/06/1893 08:00;Débit;115
01/06/1893 08:00;Hauteur;90
17/07/1893 15:00;Débit;149
17/07/1893 15:00;Hauteur;100
02/08/1893 08:00;Débit;207
02/08/1893 08:00;Hauteur;110
27/09/1893 15:00;Débit;207
27/09/1893 15:00;Hauteur;110
13/10/1893 15:00;Débit;348
13/10/1893 15:00;Hauteur;130
29/11/1893 15:00;Débit;488
29/11/1893 15:00;Hauteur;160
22/12/1893 08:00;Débit;520
22/12/1893 08:00;Hauteur;170
08/03/1894 02:14;Hauteur;250
24/01/1894 15:25;Débit;618
24/01/1894 15:25;Hauteur;200
02/02/1894 15:35;Débit;650
02/02/1894 15:35;Hauteur;210
08/03/1894 02:14;Débit;778
08/03/1894 02:14;Hauteur;250
01/04/1894 09:42;Débit;348
01/04/1894 09:42;Hauteur;130
01/05/1894 03:16;Débit;149
01/05/1894 03:16;Hauteur;100
17/06/1894 04:10;Débit;348
17/06/1894 04:10;Hauteur;130
01/07/1894 04:26;Débit;115
01/07/1894 04:26;Hauteur;90
17/08/1894 05:20;Débit;90
17/08/1894 05:20;Hauteur;70
11/09/1894 05:49;Débit;149
11/09/1894 05:49;Hauteur;100
03/10/1894 13:15;Débit;149
03/10/1894 13:15;Hauteur;100
13/11/1894 07:01;Débit;348
13/11/1894 07:01;Hauteur;130
28/12/1894 14:53;Débit;278
28/12/1894 14:53;Hauteur;120
01/04/1895 09:41;Hauteur;310
27/01/1895 08:27;Débit;863
27/01/1895 08:27;Hauteur;280
01/02/1895 08:33;Débit;778
01/02/1895 08:33;Hauteur;250
31/03/1895 09:40;Débit;947
31/03/1895 09:40;Hauteur;310
01/04/1895 09:41;Débit;947
01/04/1895 09:41;Hauteur;310
01/05/1895 10:15;Débit;278
01/05/1895 10:15;Hauteur;120
08/06/1895 10:59;Débit;348
08/06/1895 10:59;Hauteur;130
01/07/1895 11:25;Débit;149
01/07/1895 11:25;Hauteur;100
17/08/1895 19:20;Débit;149
17/08/1895 19:20;Hauteur;100
02/09/1895 12:38;Débit;149
02/09/1895 12:38;Hauteur;100
26/10/1895 20:40;Débit;278
26/10/1895 20:40;Hauteur;120
25/11/1895 14:14;Débit;520
25/11/1895 14:14;Hauteur;170
27/12/1895 14:51;Débit;807
27/12/1895 14:51;Hauteur;260
01/11/1896 08:00;Hauteur;530
01/01/1896 14:57;Débit;1020
01/01/1896 14:57;Hauteur;340
01/02/1896 08:00;Débit;401
01/02/1896 08:00;Hauteur;140
18/03/1896 15:00;Débit;1260
18/03/1896 15:00;Hauteur;440
01/04/1896 08:00;Débit;520
01/04/1896 08:00;Hauteur;170
01/05/1896 08:00;Débit;207
01/05/1896 08:00;Hauteur;110
16/06/1896 15:00;Débit;278
16/06/1896 15:00;Hauteur;120
01/07/1896 08:00;Débit;115
01/07/1896 08:00;Hauteur;90
31/08/1896 23:59;Débit;106
31/08/1896 23:59;Hauteur;84,7
01/09/1896 08:00;Débit;488
01/09/1896 08:00;Hauteur;160
31/10/1896 15:00;Débit;1490
31/10/1896 15:00;Hauteur;520
01/11/1896 08:00;Débit;1520
01/11/1896 08:00;Hauteur;530
23/12/1896 08:00;Débit;1090
23/12/1896 08:00;Hauteur;370
15/02/1897 08:00;Hauteur;560
01/01/1897 08:00;Débit;995
01/01/1897 08:00;Hauteur;330
15/02/1897 08:00;Débit;1620
15/02/1897 08:00;Hauteur;560
17/03/1897 08:00;Débit;947
17/03/1897 08:00;Hauteur;310
08/04/1897 15:00;Débit;1020
08/04/1897 15:00;Hauteur;340
02/05/1897 15:00;Débit;553
02/05/1897 15:00;Hauteur;180
08/06/1897 08:00;Débit;401
08/06/1897 08:00;Hauteur;140
03/07/1897 08:00;Débit;207
03/07/1897 08:00;Hauteur;110
01/08/1897 15:00;Débit;348
01/08/1897 15:00;Hauteur;130
11/09/1897 08:00;Débit;520
11/09/1897 08:00;Hauteur;170
01/10/1897 08:00;Débit;149
01/10/1897 08:00;Hauteur;100
30/11/1897 17:02;Débit;117
01/11/1897 08:00;Hauteur;90
14/12/1897 08:00;Débit;348
14/12/1897 08:00;Hauteur;130
06/03/1898 08:00;Hauteur;250
03/01/1898 08:00;Débit;278
03/01/1898 08:00;Hauteur;120
26/02/1898 08:00;Débit;682
26/02/1898 08:00;Hauteur;220
06/03/1898 08:00;Débit;778
06/03/1898 08:00;Hauteur;250
01/04/1898 08:00;Débit;348
01/04/1898 08:00;Hauteur;130
22/05/1898 08:00;Débit;650
22/05/1898 08:00;Hauteur;210
01/06/1898 15:00;Débit;442
01/06/1898 15:00;Hauteur;150
09/07/1898 08:00;Débit;149
09/07/1898 08:00;Hauteur;100
23/08/1898 15:00;Débit;115
23/08/1898 15:00;Hauteur;90
06/09/1898 08:00;Débit;115
06/09/1898 08:00;Hauteur;90
11/10/1898 08:00;Débit;115
11/10/1898 08:00;Hauteur;90
24/11/1898 08:00;Débit;149
24/11/1898 08:00;Hauteur;100
12/12/1898 08:00;Débit;207
12/12/1898 08:00;Hauteur;110
18/01/1899 08:00;Hauteur;310
18/01/1899 08:00;Débit;947
18/01/1899 08:00;Hauteur;310
01/02/1899 08:00;Hauteur;180
05/02/1900 08:00;Hauteur;370
31/01/1900 15:00;Hauteur;360
05/02/1900 08:00;Débit;1090
05/02/1900 08:00;Hauteur;370
01/03/1900 00:01;Débit;945
01/03/1900 00:01;Hauteur;309
06/04/1900 08:00;Débit;348
06/04/1900 08:00;Hauteur;130
11/05/1900 08:00;Débit;278
11/05/1900 08:00;Hauteur;120
21/06/1900 08:00;Débit;278
21/06/1900 08:00;Hauteur;120
01/07/1900 00:01;Débit;106
01/07/1900 00:01;Hauteur;84,7
20/08/1900 08:00;Débit;149
20/08/1900 08:00;Hauteur;100
01/09/1900 08:00;Débit;115
01/09/1900 08:00;Hauteur;90
01/10/1900 08:00;Débit;115
01/10/1900 08:00;Hauteur;90
30/11/1900 23:59;Débit;211
30/11/1900 23:59;Hauteur;111
09/12/1900 15:00;Débit;618
09/12/1900 15:00;Hauteur;200
18/04/1901 15:00;Hauteur;380
31/01/1901 23:59;Débit;602
31/01/1901 23:59;Hauteur;195
01/02/1901 08:00;Débit;618
01/02/1901 08:00;Hauteur;200
24/03/1901 08:00;Débit;995
24/03/1901 08:00;Hauteur;330
18/04/1901 15:00;Débit;1120
18/04/1901 15:00;Hauteur;380
01/05/1901 08:00;Débit;650
01/05/1901 08:00;Hauteur;210
01/06/1901 08:00;Débit;149
01/06/1901 08:00;Hauteur;100
30/07/1901 08:00;Débit;115
30/07/1901 08:00;Hauteur;90
02/08/1901 15:00;Débit;115
02/08/1901 15:00;Hauteur;90
22/09/1901 08:00;Débit;278
22/09/1901 08:00;Hauteur;120
16/10/1901 08:00;Débit;553
16/10/1901 08:00;Hauteur;180
01/11/1901 15:00;Débit;278
01/11/1901 15:00;Hauteur;120
31/12/1901 23:59;Débit;749
31/12/1901 23:59;Hauteur;241
11/02/1902 08:00;Hauteur;290
06/01/1902 08:00;Débit;891
06/01/1902 08:00;Hauteur;290
11/02/1902 08:00;Débit;891
11/02/1902 08:00;Hauteur;290
31/03/1902 15:00;Débit;778
31/03/1902 15:00;Hauteur;250
03/04/1902 08:00;Débit;863
03/04/1902 08:00;Hauteur;280
23/05/1902 15:00;Débit;747
23/05/1902 15:00;Hauteur;240
06/06/1902 08:00;Débit;650
06/06/1902 08:00;Hauteur;210
09/07/1902 08:00;Débit;149
09/07/1902 08:00;Hauteur;100
13/08/1902 08:00;Débit;149
13/08/1902 08:00;Hauteur;100
08/09/1902 15:00;Débit;149
08/09/1902 15:00;Hauteur;100
03/10/1902 15:00;Débit;149
03/10/1902 15:00;Hauteur;100
29/11/1902 08:00;Débit;348
29/11/1902 08:00;Hauteur;130
31/12/1902 15:00;Débit;585
31/12/1902 15:00;Hauteur;190
06/01/1903 15:00;Hauteur;290
06/01/1903 15:00;Débit;891
06/01/1903 15:00;Hauteur;290
01/02/1903 08:00;Débit;278
01/02/1903 08:00;Hauteur;120
07/03/1903 15:00;Débit;520
07/03/1903 15:00;Hauteur;170
30/04/1903 23:59;Débit;505
30/04/1903 23:59;Hauteur;165
07/05/1903 08:00;Débit;585
07/05/1903 08:00;Hauteur;190
24/06/1903 08:00;Débit;207
24/06/1903 08:00;Hauteur;110
18/07/1903 08:00;Débit;98,6
18/07/1903 08:00;Hauteur;80
28/08/1903 08:00;Débit;348
28/08/1903 08:00;Hauteur;130
01/09/1903 08:00;Débit;278
01/09/1903 08:00;Hauteur;120
01/10/1903 08:00;Débit;115
01/10/1903 08:00;Hauteur;90
28/11/1903 15:00;Débit;348
28/11/1903 15:00;Hauteur;130
07/12/1903 15:00;Débit;650
07/12/1903 15:00;Hauteur;210
24/02/1904 08:00;Hauteur;420
17/01/1904 08:00;Débit;585
17/01/1904 08:00;Hauteur;190
24/02/1904 08:00;Débit;1210
24/02/1904 08:00;Hauteur;420
01/03/1904 00:01;Débit;1010
01/03/1904 00:01;Hauteur;335
05/04/1904 15:00;Débit;553
05/04/1904 15:00;Hauteur;180
10/05/1904 15:00;Débit;278
10/05/1904 15:00;Hauteur;120
07/06/1904 08:00;Débit;348
07/06/1904 08:00;Hauteur;130
31/07/1904 08:00;Débit;120
31/07/1904 08:00;Hauteur;92
01/08/1904 00:01;Débit;116
01/08/1904 00:01;Hauteur;90,7
13/09/1904 08:00;Débit;131
13/09/1904 08:00;Hauteur;95
04/10/1904 08:00;Débit;120
04/10/1904 08:00;Hauteur;92
19/11/1904 08:00;Débit;127
19/11/1904 08:00;Hauteur;94
17/12/1904 08:00;Débit;311
17/12/1904 08:00;Hauteur;124
24/11/1905 15:00;Hauteur;318
19/01/1905 08:00;Débit;501
19/01/1905 08:00;Hauteur;164
09/02/1905 08:00;Débit;404
09/02/1905 08:00;Hauteur;141
30/03/1905 15:00;Débit;618
30/03/1905 15:00;Hauteur;200
02/04/1905 08:00;Débit;494
02/04/1905 08:00;Hauteur;162
11/05/1905 08:00;Débit;348
11/05/1905 08:00;Hauteur;130
20/06/1905 08:00;Débit;135
20/06/1905 08:00;Hauteur;96
20/07/1905 08:00;Débit;107
20/07/1905 08:00;Hauteur;85
23/08/1905 08:00;Débit;142
23/08/1905 08:00;Hauteur;98
01/09/1905 08:00;Débit;170
01/09/1905 08:00;Hauteur;104
19/10/1905 08:00;Débit;115
19/10/1905 08:00;Hauteur;90
24/11/1905 15:00;Débit;969
24/11/1905 15:00;Hauteur;318
01/12/1905 00:01;Débit;830
01/12/1905 00:01;Hauteur;268
06/03/1906 15:00;Débit;1270
06/03/1906 15:00;Hauteur;441
20/01/1906 08:00;Débit;983
20/01/1906 08:00;Hauteur;324
28/02/1906 23:59;Débit;1070
28/02/1906 23:59;Hauteur;361
06/03/1906 15:00;Débit;1270
06/03/1906 15:00;Hauteur;441
02/04/1906 15:00;Débit;494
02/04/1906 15:00;Hauteur;162
03/05/1906 08:00;Débit;397
03/05/1906 08:00;Hauteur;139
23/06/1906 08:00;Débit;225
23/06/1906 08:00;Hauteur;113
02/07/1906 08:00;Débit;138
02/07/1906 08:00;Hauteur;97
22/08/1906 08:00;Débit;131
22/08/1906 08:00;Hauteur;95
21/09/1906 08:00;Débit;120
21/09/1906 08:00;Hauteur;92
27/10/1906 08:00;Débit;138
27/10/1906 08:00;Hauteur;97
23/11/1906 08:00;Débit;253
23/11/1906 08:00;Hauteur;117
17/12/1906 08:00;Débit;637
17/12/1906 08:00;Hauteur;206
25/02/1907 08:00;Débit;975
25/02/1907 08:00;Hauteur;320
04/01/1907 15:00;Débit;947
04/01/1907 15:00;Hauteur;310
25/02/1907 08:00;Débit;975
25/02/1907 08:00;Hauteur;320
01/03/1907 08:00;Débit;913
01/03/1907 08:00;Hauteur;298
01/04/1907 15:00;Débit;520
01/04/1907 15:00;Hauteur;170
11/05/1907 15:00;Débit;618
11/05/1907 15:00;Hauteur;200
05/06/1907 08:00;Débit;278
05/06/1907 08:00;Hauteur;120
05/07/1907 08:00;Débit;238
05/07/1907 08:00;Hauteur;115
29/08/1907 08:00;Débit;131
29/08/1907 08:00;Hauteur;95
04/09/1907 08:00;Débit;131
04/09/1907 08:00;Hauteur;95
19/10/1907 08:00;Débit;303
19/10/1907 08:00;Hauteur;123
27/11/1907 08:00;Débit;365
27/11/1907 08:00;Hauteur;133
16/12/1907 15:00;Débit;754
16/12/1907 15:00;Hauteur;242
09/03/1908 15:00;Hauteur;424
31/01/1908 23:59;Débit;464
31/01/1908 23:59;Hauteur;155
29/02/1908 23:59;Débit;1070
29/02/1908 23:59;Hauteur;362
09/03/1908 15:00;Débit;1220
09/03/1908 15:00;Hauteur;424
03/04/1908 08:00;Débit;624
03/04/1908 08:00;Hauteur;202
14/05/1908 15:00;Débit;650
14/05/1908 15:00;Hauteur;210
16/06/1908 08:00;Débit;527
16/06/1908 08:00;Hauteur;172
22/07/1908 08:00;Débit;158
22/07/1908 08:00;Hauteur;102
28/08/1908 08:00;Débit;124
28/08/1908 08:00;Hauteur;93
08/09/1908 08:00;Débit;149
08/09/1908 08:00;Hauteur;100
01/10/1908 08:00;Débit;120
01/10/1908 08:00;Hauteur;92
25/11/1908 08:00;Débit;207
25/11/1908 08:00;Hauteur;110
31/12/1908 23:59;Débit;430
31/12/1908 23:59;Hauteur;147
31/12/1909 15:00;Débit;1030
31/12/1909 15:00;Hauteur;345
19/01/1909 08:00;Débit;624
19/01/1909 08:00;Hauteur;202
14/02/1909 08:00;Débit;348
14/02/1909 08:00;Hauteur;130
31/03/1909 23:59;Débit;950
31/03/1909 23:59;Hauteur;311
01/04/1909 08:00;Débit;953
01/04/1909 08:00;Hauteur;312
01/05/1909 08:00;Débit;415
01/05/1909 08:00;Hauteur;144
17/06/1909 08:00;Débit;245
17/06/1909 08:00;Hauteur;116
18/07/1909 08:00;Débit;407
18/07/1909 08:00;Hauteur;142
01/08/1909 00:01;Débit;166
01/08/1909 00:01;Hauteur;103
14/09/1909 15:00;Débit;465
14/09/1909 15:00;Hauteur;155
30/10/1909 15:00;Débit;520
30/10/1909 15:00;Hauteur;170
03/11/1909 15:00;Débit;520
03/11/1909 15:00;Hauteur;170
31/12/1909 15:00;Débit;1030
31/12/1909 15:00;Hauteur;345
28/01/1910 12:00;Débit;2650
28/01/1910 12:00;Hauteur;862
28/01/1910 12:00;Débit;2650
28/01/1910 12:00;Hauteur;862
01/02/1910 00:01;Débit;2330
01/02/1910 00:01;Hauteur;775
01/03/1910 17:00;Débit;1620
01/03/1910 17:00;Hauteur;561
16/04/1910 15:00;Débit;618
16/04/1910 15:00;Hauteur;200
15/05/1910 15:00;Débit;1000
15/05/1910 15:00;Hauteur;332
18/06/1910 08:00;Débit;902
18/06/1910 08:00;Hauteur;294
17/07/1910 08:00;Débit;998
17/07/1910 08:00;Hauteur;331
02/08/1910 15:00;Débit;715
02/08/1910 15:00;Hauteur;230
02/09/1910 08:00;Débit;348
02/09/1910 08:00;Hauteur;130
16/10/1910 08:00;Débit;238
16/10/1910 08:00;Hauteur;115
20/11/1910 11:00;Débit;1730
20/11/1910 11:00;Hauteur;597
01/12/1910 08:00;Débit;1380
01/12/1910 08:00;Hauteur;480
01/01/1911 00:01;Hauteur;389
01/01/1911 00:01;Débit;1140
01/01/1911 00:01;Hauteur;389
27/02/1911 15:00;Débit;666
27/02/1911 15:00;Hauteur;215
18/03/1911 08:00;Débit;650
18/03/1911 08:00;Hauteur;210
01/04/1911 00:01;Débit;583
01/04/1911 00:01;Hauteur;189
02/05/1911 08:00;Débit;207
02/05/1911 08:00;Hauteur;110
06/06/1911 08:00;Débit;207
06/06/1911 08:00;Hauteur;110
01/07/1911 08:00;Débit;176
01/07/1911 08:00;Hauteur;105
13/08/1911 08:00;Débit;294
13/08/1911 08:00;Hauteur;122
30/09/1911 23:59;Débit;113
30/09/1911 23:59;Hauteur;88,7
29/10/1911 08:00;Débit;195
29/10/1911 08:00;Hauteur;108
25/11/1911 15:00;Débit;657
25/11/1911 15:00;Hauteur;212
28/12/1911 15:00;Débit;991
28/12/1911 15:00;Hauteur;328
13/01/1912 23:59;Débit;1310
13/01/1912 23:59;Hauteur;456
13/01/1912 23:59;Débit;1310
13/01/1912 23:59;Hauteur;456
12/02/1912 08:00;Débit;592
12/02/1912 08:00;Hauteur;192
09/03/1912 08:00;Débit;754
09/03/1912 08:00;Hauteur;242
01/04/1912 15:00;Débit;650
01/04/1912 15:00;Hauteur;210
10/05/1912 08:00;Débit;207
10/05/1912 08:00;Hauteur;110
15/06/1912 08:00;Débit;207
15/06/1912 08:00;Hauteur;110
02/07/1912 08:00;Débit;201
02/07/1912 08:00;Hauteur;109
31/08/1912 23:59;Débit;280
31/08/1912 23:59;Hauteur;120
03/09/1912 08:00;Débit;348
03/09/1912 08:00;Hauteur;130
31/10/1912 23:59;Débit;454
31/10/1912 23:59;Hauteur;153
04/11/1912 08:00;Débit;657
04/11/1912 08:00;Hauteur;212
29/12/1912 15:00;Débit;754
29/12/1912 15:00;Hauteur;242
04/02/1913 08:00;Débit;1230
04/02/1913 08:00;Hauteur;426
25/01/1913 15:00;Débit;1020
25/01/1913 15:00;Hauteur;339
04/02/1913 08:00;Débit;1230
04/02/1913 08:00;Hauteur;426
31/03/1913 23:59;Débit;645
31/03/1913 23:59;Hauteur;208
22/04/1913 15:00;Débit;913
22/04/1913 15:00;Hauteur;298
19/05/1913 15:00;Débit;983
19/05/1913 15:00;Hauteur;324
04/06/1913 15:00;Débit;488
04/06/1913 15:00;Hauteur;160
23/07/1913 08:00;Débit;294
23/07/1913 08:00;Hauteur;122
23/08/1913 08:00;Débit;238
23/08/1913 08:00;Hauteur;115
08/09/1913 08:00;Débit;348
08/09/1913 08:00;Hauteur;130
12/10/1913 08:00;Débit;270
12/10/1913 08:00;Hauteur;119
21/11/1913 08:00;Débit;760
21/11/1913 08:00;Hauteur;244
29/12/1913 15:00;Débit;1010
29/12/1913 15:00;Hauteur;335
31/03/1914 15:00;Débit;1400
31/03/1914 15:00;Hauteur;487
12/01/1914 15:00;Débit;1020
12/01/1914 15:00;Hauteur;340
25/02/1914 15:00;Débit;891
25/02/1914 15:00;Hauteur;290
31/03/1914 15:00;Débit;1400
31/03/1914 15:00;Hauteur;487
01/04/1914 08:00;Débit;1390
01/04/1914 08:00;Hauteur;485
04/05/1914 08:00;Débit;424
04/05/1914 08:00;Hauteur;146
17/06/1914 08:00;Débit;397
17/06/1914 08:00;Hauteur;139
06/07/1914 08:00;Débit;319
06/07/1914 08:00;Hauteur;125
07/08/1914 08:00;Débit;278
07/08/1914 08:00;Hauteur;120
27/09/1914 08:00;Débit;359
27/09/1914 08:00;Hauteur;132
01/10/1914 00:01;Débit;272
01/10/1914 00:01;Hauteur;119
20/11/1914 08:00;Débit;438
20/11/1914 08:00;Hauteur;149
22/12/1914 15:00;Débit;731
22/12/1914 15:00;Hauteur;235
24/01/1915 15:00;Débit;1170
24/01/1915 15:00;Hauteur;400
24/01/1915 15:00;Débit;1170
24/01/1915 15:00;Hauteur;400
16/02/1915 08:00;Débit;891
16/02/1915 08:00;Hauteur;290
04/03/1915 08:00;Débit;702
04/03/1915 08:00;Hauteur;226
12/04/1915 15:00;Débit;1120
12/04/1915 15:00;Hauteur;381
07/05/1915 08:00;Débit;465
07/05/1915 08:00;Hauteur;155
02/06/1915 08:00;Débit;225
02/06/1915 08:00;Hauteur;113
01/07/1915 00:01;Débit;137
01/07/1915 00:01;Hauteur;96,7
25/08/1915 08:00;Débit;170
25/08/1915 08:00;Hauteur;104
29/09/1915 08:00;Débit;213
29/09/1915 08:00;Hauteur;111
16/10/1915 08:00;Débit;170
16/10/1915 08:00;Hauteur;104
15/11/1915 08:00;Débit;219
15/11/1915 08:00;Hauteur;112
28/12/1915 08:00;Débit;1070
28/12/1915 08:00;Hauteur;360
01/03/1916 07:00;Débit;1360
01/03/1916 07:00;Hauteur;475
01/01/1916 00:01;Débit;979
01/01/1916 00:01;Hauteur;322
29/02/1916 23:59;Débit;1360
29/02/1916 23:59;Hauteur;473
01/03/1916 07:00;Débit;1360
01/03/1916 07:00;Hauteur;475
25/04/1916 07:00;Débit;807
25/04/1916 07:00;Hauteur;260
01/05/1916 00:01;Débit;634
01/05/1916 00:01;Hauteur;205
21/06/1916 07:00;Débit;428
21/06/1916 07:00;Hauteur;147
07/07/1916 07:00;Débit;644
07/07/1916 07:00;Hauteur;208
22/08/1916 07:00;Débit;278
22/08/1916 07:00;Hauteur;120
08/09/1916 07:00;Débit;207
08/09/1916 07:00;Hauteur;110
31/10/1916 07:00;Débit;631
31/10/1916 07:00;Hauteur;204
29/11/1916 07:00;Débit;880
29/11/1916 07:00;Hauteur;286
30/12/1916 15:00;Débit;1070
30/12/1916 15:00;Hauteur;362
13/01/1917 08:00;Débit;1370
13/01/1917 08:00;Hauteur;476
13/01/1917 08:00;Débit;1370
13/01/1917 08:00;Hauteur;476
24/02/1917 08:00;Débit;572
24/02/1917 08:00;Hauteur;186
31/03/1917 23:59;Débit;887
31/03/1917 23:59;Hauteur;289
03/04/1917 07:00;Débit;1030
03/04/1917 07:00;Hauteur;345
01/05/1917 00:01;Débit;603
01/05/1917 00:01;Hauteur;196
01/06/1917 00:01;Débit;327
01/06/1917 00:01;Hauteur;126
03/07/1917 07:00;Débit;213
03/07/1917 07:00;Hauteur;111
17/08/1917 07:00;Débit;238
17/08/1917 07:00;Hauteur;115
16/09/1917 07:00;Débit;142
16/09/1917 07:00;Hauteur;98
21/10/1917 15:00;Débit;618
21/10/1917 15:00;Hauteur;200
06/11/1917 08:00;Débit;699
06/11/1917 08:00;Hauteur;225
01/12/1917 08:00;Débit;618
01/12/1917 08:00;Hauteur;200
20/01/1918 15:00;Débit;1090
20/01/1918 15:00;Hauteur;370
20/01/1918 15:00;Débit;1090
20/01/1918 15:00;Hauteur;370
01/02/1918 00:01;Débit;636
01/02/1918 00:01;Hauteur;206
09/03/1918 08:00;Débit;790
09/03/1918 08:00;Hauteur;254
06/04/1918 07:00;Débit;874
06/04/1918 07:00;Hauteur;284
15/05/1918 07:00;Débit;843
15/05/1918 07:00;Hauteur;273
02/06/1918 07:00;Débit;438
02/06/1918 07:00;Hauteur;149
01/07/1918 00:01;Débit;156
01/07/1918 00:01;Hauteur;102
15/08/1918 07:00;Débit;146
15/08/1918 07:00;Hauteur;99
17/09/1918 07:00;Débit;183
17/09/1918 07:00;Hauteur;106
20/10/1918 07:00;Débit;164
20/10/1918 07:00;Hauteur;103
30/11/1918 23:59;Débit;294
30/11/1918 23:59;Hauteur;122
29/12/1918 08:00;Débit;1040
29/12/1918 08:00;Hauteur;348
10/01/1919 08:00;Débit;1770
10/01/1919 08:00;Hauteur;611
10/01/1919 08:00;Débit;1770
10/01/1919 08:00;Hauteur;611
28/02/1919 23:59;Débit;1350
28/02/1919 23:59;Hauteur;471
01/03/1919 08:00;Débit;1380
01/03/1919 08:00;Hauteur;480
17/04/1919 08:00;Débit;1260
17/04/1919 08:00;Hauteur;440
07/05/1919 08:00;Débit;1170
07/05/1919 08:00;Hauteur;400
01/06/1919 00:01;Débit;474
01/06/1919 00:01;Hauteur;157
10/07/1919 08:00;Débit;207
10/07/1919 08:00;Hauteur;110
22/08/1919 08:00;Débit;138
22/08/1919 08:00;Hauteur;97
24/09/1919 08:00;Débit;131
24/09/1919 08:00;Hauteur;95
04/10/1919 08:00;Débit;138
04/10/1919 08:00;Hauteur;97
30/11/1919 08:00;Débit;880
30/11/1919 08:00;Hauteur;286
31/12/1919 23:59;Débit;1490
31/12/1919 23:59;Hauteur;519
05/01/1920 08:00;Débit;1950
05/01/1920 08:00;Hauteur;665
05/01/1920 08:00;Débit;1950
05/01/1920 08:00;Hauteur;665
01/02/1920 08:00;Débit;919
01/02/1920 08:00;Hauteur;300
19/03/1920 08:00;Débit;795
19/03/1920 08:00;Hauteur;256
15/04/1920 07:00;Débit;1010
15/04/1920 07:00;Hauteur;335
03/05/1920 07:00;Débit;663
03/05/1920 07:00;Hauteur;214
01/06/1920 00:01;Débit;256
01/06/1920 00:01;Hauteur;117
09/07/1920 07:00;Débit;225
09/07/1920 07:00;Hauteur;113
07/08/1920 07:00;Débit;142
07/08/1920 07:00;Hauteur;98
03/09/1920 07:00;Débit;176
03/09/1920 07:00;Hauteur;105
18/10/1920 07:00;Débit;231
18/10/1920 07:00;Hauteur;114
16/11/1920 08:00;Débit;127
16/11/1920 08:00;Hauteur;94
07/12/1920 08:00;Débit;189
07/12/1920 08:00;Hauteur;107
26/07/1921 07:00;Débit;270
26/07/1921 07:00;Hauteur;119
21/01/1921 07:00;Débit;270
21/01/1921 07:00;Hauteur;119
12/02/1921 08:00;Débit;238
12/02/1921 08:00;Hauteur;115
01/03/1921 08:00;Débit;153
01/03/1921 08:00;Hauteur;101
23/04/1921 07:00;Débit;142
23/04/1921 07:00;Hauteur;98
22/05/1921 07:00;Débit;245
22/05/1921 07:00;Hauteur;116
06/06/1921 07:00;Débit;146
06/06/1921 07:00;Hauteur;99
26/07/1921 07:00;Débit;270
26/07/1921 07:00;Hauteur;119
16/08/1921 07:00;Débit;170
16/08/1921 07:00;Hauteur;104
14/09/1921 07:00;Débit;189
14/09/1921 07:00;Hauteur;107
24/10/1921 07:00;Débit;176
24/10/1921 07:00;Hauteur;105
03/11/1921 07:00;Débit;153
03/11/1921 07:00;Hauteur;101
05/12/1921 07:00;Débit;138
05/12/1921 07:00;Hauteur;97
06/05/1922 15:00;Débit;1180
06/05/1922 15:00;Hauteur;404
17/01/1922 07:00;Débit;517
17/01/1922 07:00;Hauteur;169
13/02/1922 07:00;Débit;686
13/02/1922 07:00;Hauteur;221
01/03/1922 00:01;Débit;500
01/03/1922 00:01;Hauteur;164
30/04/1922 23:59;Débit;1050
30/04/1922 23:59;Hauteur;354
06/05/1922 15:00;Débit;1180
06/05/1922 15:00;Hauteur;404
01/06/1922 00:01;Débit;275
01/06/1922 00:01;Hauteur;120
06/07/1922 07:00;Débit;146
06/07/1922 07:00;Hauteur;99
30/08/1922 07:00;Débit;149
30/08/1922 07:00;Hauteur;100
15/09/1922 07:00;Débit;164
15/09/1922 07:00;Hauteur;103
31/10/1922 07:00;Débit;231
31/10/1922 07:00;Hauteur;114
12/11/1922 07:00;Débit;702
12/11/1922 07:00;Hauteur;226
31/12/1922 23:59;Débit;1020
31/12/1922 23:59;Hauteur;340
31/12/1923 23:59;Débit;1730
31/12/1923 23:59;Hauteur;597
10/01/1923 07:00;Débit;1100
10/01/1923 07:00;Hauteur;374
28/02/1923 23:59;Débit;1020
28/02/1923 23:59;Hauteur;341
12/03/1923 14:00;Débit;1530
12/03/1923 14:00;Hauteur;532
01/04/1923 00:01;Débit;541
01/04/1923 00:01;Hauteur;176
18/05/1923 07:00;Débit;433
18/05/1923 07:00;Hauteur;148
01/06/1923 00:01;Débit;304
01/06/1923 00:01;Hauteur;123
17/07/1923 07:00;Débit;207
17/07/1923 07:00;Hauteur;110
06/08/1923 07:00;Débit;183
06/08/1923 07:00;Hauteur;106
21/09/1923 07:00;Débit;189
21/09/1923 07:00;Hauteur;107
31/10/1923 23:59;Débit;718
31/10/1923 23:59;Hauteur;231
30/11/1923 23:59;Débit;800
30/11/1923 23:59;Hauteur;258
31/12/1923 23:59;Débit;1730
31/12/1923 23:59;Hauteur;597
06/01/1924 07:00;Débit;2180
06/01/1924 07:00;Hauteur;732
06/01/1924 07:00;Débit;2180
06/01/1924 07:00;Hauteur;732
01/02/1924 00:01;Débit;669
01/02/1924 00:01;Hauteur;216
08/03/1924 07:00;Débit;938
08/03/1924 07:00;Hauteur;307
18/04/1924 07:00;Débit;843
18/04/1924 07:00;Hauteur;273
09/05/1924 07:00;Débit;715
09/05/1924 07:00;Hauteur;230
05/06/1924 07:00;Débit;238
05/06/1924 07:00;Hauteur;115
09/07/1924 07:00;Débit;189
09/07/1924 07:00;Hauteur;107
31/08/1924 23:59;Débit;189
31/08/1924 23:59;Hauteur;107
01/09/1924 07:00;Débit;195
01/09/1924 07:00;Hauteur;108
31/10/1924 23:59;Débit;466
31/10/1924 23:59;Hauteur;155
13/11/1924 07:00;Débit;1340
13/11/1924 07:00;Hauteur;465
31/12/1924 07:00;Débit;520
31/12/1924 07:00;Hauteur;170
31/12/1925 23:59;Débit;1350
31/12/1925 23:59;Hauteur;470
29/01/1925 07:00;Débit;488
29/01/1925 07:00;Hauteur;160
19/02/1925 07:00;Débit;930
19/02/1925 07:00;Hauteur;304
01/03/1925 07:00;Débit;835
01/03/1925 07:00;Hauteur;270
30/04/1925 23:59;Débit;613
30/04/1925 23:59;Hauteur;199
02/05/1925 07:00;Débit;741
02/05/1925 07:00;Hauteur;238
26/06/1925 07:00;Débit;303
26/06/1925 07:00;Hauteur;123
07/07/1925 07:00;Débit;354
07/07/1925 07:00;Hauteur;131
04/08/1925 07:00;Débit;338
04/08/1925 07:00;Hauteur;128
28/09/1925 07:00;Débit;682
28/09/1925 07:00;Hauteur;220
03/10/1925 07:00;Débit;533
03/10/1925 07:00;Hauteur;174
13/11/1925 07:00;Débit;919
13/11/1925 07:00;Hauteur;300
31/12/1925 23:59;Débit;1350
31/12/1925 23:59;Hauteur;470
08/01/1926 07:00;Débit;1740
08/01/1926 07:00;Hauteur;602
08/01/1926 07:00;Débit;1740
08/01/1926 07:00;Hauteur;602
07/02/1926 07:00;Débit;1080
07/02/1926 07:00;Hauteur;365
10/03/1926 07:00;Débit;863
10/03/1926 07:00;Hauteur;280
28/04/1926 07:00;Débit;524
28/04/1926 07:00;Hauteur;171
22/05/1926 07:00;Débit;1040
22/05/1926 07:00;Hauteur;350
18/06/1926 07:00;Débit;975
18/06/1926 07:00;Hauteur;320
01/07/1926 00:01;Débit;539
01/07/1926 00:01;Hauteur;176
02/08/1926 07:00;Débit;219
02/08/1926 07:00;Hauteur;112
25/09/1926 07:00;Débit;135
25/09/1926 07:00;Hauteur;96
31/10/1926 07:00;Débit;207
31/10/1926 07:00;Hauteur;110
09/11/1926 07:00;Débit;392
09/11/1926 07:00;Hauteur;138
03/12/1926 07:00;Débit;442
03/12/1926 07:00;Hauteur;150
12/03/1927 07:00;Débit;1170
12/03/1927 07:00;Hauteur;400
25/01/1927 07:00;Débit;807
25/01/1927 07:00;Hauteur;260
28/02/1927 23:59;Débit;917
28/02/1927 23:59;Hauteur;299
12/03/1927 07:00;Débit;1170
12/03/1927 07:00;Hauteur;400
08/04/1927 07:00;Débit;857
08/04/1927 07:00;Hauteur;278
08/05/1927 07:00;Débit;470
08/05/1927 07:00;Hauteur;156
04/06/1927 07:00;Débit;219
04/06/1927 07:00;Hauteur;112
12/07/1927 07:00;Débit;511
12/07/1927 07:00;Hauteur;167
29/08/1927 07:00;Débit;170
29/08/1927 07:00;Hauteur;104
29/09/1927 07:00;Débit;507
29/09/1927 07:00;Hauteur;166
01/10/1927 00:01;Débit;402
01/10/1927 00:01;Hauteur;140
14/11/1927 07:00;Débit;734
14/11/1927 07:00;Hauteur;236
27/12/1927 07:00;Débit;666
27/12/1927 07:00;Hauteur;215
17/02/1928 07:00;Débit;1260
17/02/1928 07:00;Hauteur;439
21/01/1928 07:00;Débit;835
21/01/1928 07:00;Hauteur;270
17/02/1928 07:00;Débit;1260
17/02/1928 07:00;Hauteur;439
01/03/1928 00:01;Débit;768
01/03/1928 00:01;Hauteur;247
20/04/1928 07:00;Débit;715
20/04/1928 07:00;Hauteur;230
08/05/1928 07:00;Débit;823
08/05/1928 07:00;Hauteur;266
08/06/1928 07:00;Débit;479
08/06/1928 07:00;Hauteur;158
05/07/1928 07:00;Débit;207
05/07/1928 07:00;Hauteur;110
02/08/1928 07:00;Débit;370
02/08/1928 07:00;Hauteur;134
04/09/1928 07:00;Débit;170
04/09/1928 07:00;Hauteur;104
29/10/1928 07:00;Débit;207
29/10/1928 07:00;Hauteur;110
30/11/1928 23:59;Débit;919
30/11/1928 23:59;Hauteur;300
06/12/1928 07:00;Débit;953
06/12/1928 07:00;Hauteur;312
02/01/1929 07:00;Hauteur;268
02/01/1929 07:00;Débit;829
02/01/1929 07:00;Hauteur;268
14/02/1929 07:00;Débit;507
14/02/1929 07:00;Hauteur;166
01/03/1929 07:00;Débit;343
01/03/1929 07:00;Hauteur;129
18/04/1929 07:00;Débit;176
18/04/1929 07:00;Hauteur;105
18/05/1929 07:00;Débit;146
18/05/1929 07:00;Hauteur;99
08/06/1929 07:00;Débit;278
08/06/1929 07:00;Hauteur;120
10/07/1929 07:00;Débit;219
10/07/1929 07:00;Hauteur;112
01/08/1929 07:00;Débit;138
01/08/1929 07:00;Hauteur;97
04/09/1929 07:00;Débit;127
04/09/1929 07:00;Hauteur;94
09/10/1929 07:00;Débit;131
09/10/1929 07:00;Hauteur;95
26/11/1929 07:00;Débit;404
26/11/1929 07:00;Hauteur;141
31/12/1929 23:59;Débit;664
31/12/1929 23:59;Hauteur;214
02/12/1930 07:00;Débit;1760
02/12/1930 07:00;Hauteur;608
16/01/1930 07:00;Débit;933
16/01/1930 07:00;Hauteur;305
07/02/1930 07:00;Débit;559
07/02/1930 07:00;Hauteur;182
26/03/1930 07:00;Débit;880
26/03/1930 07:00;Hauteur;286
01/04/1930 00:01;Débit;680
01/04/1930 00:01;Hauteur;219
29/05/1930 07:00;Débit;670
29/05/1930 07:00;Hauteur;216
03/06/1930 07:00;Débit;550
03/06/1930 07:00;Hauteur;179
04/07/1930 07:00;Débit;415
04/07/1930 07:00;Hauteur;144
08/08/1930 07:00;Débit;370
08/08/1930 07:00;Hauteur;134
16/09/1930 07:00;Débit;261
16/09/1930 07:00;Hauteur;118
17/10/1930 07:00;Débit;995
17/10/1930 07:00;Hauteur;330
30/11/1930 23:59;Débit;1700
30/11/1930 23:59;Hauteur;588
02/12/1930 07:00;Débit;1760
02/12/1930 07:00;Hauteur;608
13/03/1931 07:00;Débit;1680
13/03/1931 07:00;Hauteur;583
31/01/1931 23:59;Débit;1080
31/01/1931 23:59;Hauteur;365
03/02/1931 07:00;Débit;1120
03/02/1931 07:00;Hauteur;380
13/03/1931 07:00;Débit;1680
13/03/1931 07:00;Hauteur;583
29/04/1931 07:00;Débit;650
29/04/1931 07:00;Hauteur;210
22/05/1931 07:00;Débit;734
22/05/1931 07:00;Hauteur;236
01/06/1931 00:01;Débit;513
01/06/1931 00:01;Hauteur;168
19/07/1931 07:00;Débit;207
19/07/1931 07:00;Hauteur;110
26/08/1931 07:00;Débit;527
26/08/1931 07:00;Hauteur;172
07/09/1931 07:00;Débit;695
07/09/1931 07:00;Hauteur;224
14/10/1931 07:00;Débit;543
14/10/1931 07:00;Hauteur;177
30/11/1931 23:59;Débit;414
30/11/1931 23:59;Hauteur;144
14/12/1931 07:00;Débit;660
14/12/1931 07:00;Hauteur;213
11/01/1932 07:00;Débit;995
11/01/1932 07:00;Hauteur;330
11/01/1932 07:00;Débit;995
11/01/1932 07:00;Hauteur;330
01/02/1932 00:01;Débit;454
01/02/1932 00:01;Hauteur;153
11/03/1932 07:00;Débit;447
11/03/1932 07:00;Hauteur;151
10/04/1932 07:00;Débit;930
10/04/1932 07:00;Hauteur;304
28/05/1932 07:00;Débit;569
28/05/1932 07:00;Hauteur;185
08/06/1932 07:00;Débit;579
08/06/1932 07:00;Hauteur;188
20/07/1932 07:00;Débit;225
20/07/1932 07:00;Hauteur;113
24/08/1932 07:00;Débit;149
24/08/1932 07:00;Hauteur;100
26/09/1932 07:00;Débit;146
26/09/1932 07:00;Hauteur;99
31/10/1932 23:59;Débit;541
31/10/1932 23:59;Hauteur;177
03/11/1932 07:00;Débit;715
03/11/1932 07:00;Hauteur;230
05/12/1932 07:00;Débit;456
05/12/1932 07:00;Hauteur;153
13/02/1933 07:00;Débit;556
13/02/1933 07:00;Hauteur;181
28/01/1933 07:00;Débit;511
28/01/1933 07:00;Hauteur;167
13/02/1933 07:00;Débit;556
13/02/1933 07:00;Hauteur;181
05/03/1933 07:00;Débit;530
05/03/1933 07:00;Hauteur;173
17/04/1933 07:00;Débit;195
17/04/1933 07:00;Hauteur;108
20/05/1933 07:00;Débit;359
20/05/1933 07:00;Hauteur;132
30/06/1933 23:59;Débit;262
30/06/1933 23:59;Hauteur;118
01/07/1933 07:00;Débit;286
01/07/1933 07:00;Hauteur;121
17/08/1933 07:00;Débit;261
17/08/1933 07:00;Hauteur;118
19/09/1933 07:00;Débit;207
19/09/1933 07:00;Hauteur;110
04/10/1933 07:00;Débit;149
04/10/1933 07:00;Hauteur;100
11/11/1933 07:00;Débit;348
11/11/1933 07:00;Hauteur;130
16/12/1933 07:00;Débit;517
16/12/1933 07:00;Hauteur;169
23/03/1934 07:00;Débit;725
23/03/1934 07:00;Hauteur;233
21/01/1934 07:00;Débit;588
21/01/1934 07:00;Hauteur;191
01/02/1934 07:00;Débit;428
01/02/1934 07:00;Hauteur;147
23/03/1934 07:00;Débit;725
23/03/1934 07:00;Hauteur;233
01/04/1934 00:01;Débit;518
01/04/1934 00:01;Hauteur;169
08/05/1934 07:00;Débit;332
08/05/1934 07:00;Hauteur;127
13/06/1934 07:00;Débit;213
13/06/1934 07:00;Hauteur;111
02/07/1934 07:00;Débit;343
02/07/1934 07:00;Hauteur;129
17/08/1934 07:00;Débit;149
17/08/1934 07:00;Hauteur;100
19/09/1934 07:00;Débit;176
19/09/1934 07:00;Hauteur;105
23/10/1934 07:00;Débit;153
23/10/1934 07:00;Hauteur;101
14/11/1934 07:00;Débit;238
14/11/1934 07:00;Hauteur;115
28/12/1934 07:00;Débit;553
28/12/1934 07:00;Hauteur;180
27/02/1935 07:00;Débit;1250
27/02/1935 07:00;Hauteur;433
04/01/1935 07:00;Débit;592
04/01/1935 07:00;Hauteur;192
27/02/1935 07:00;Débit;1250
27/02/1935 07:00;Hauteur;433
05/03/1935 07:00;Débit;1180
05/03/1935 07:00;Hauteur;405
30/04/1935 07:00;Débit;747
30/04/1935 07:00;Hauteur;240
01/05/1935 00:01;Débit;738
01/05/1935 00:01;Hauteur;237
08/06/1935 07:00;Débit;359
08/06/1935 07:00;Hauteur;132
16/07/1935 07:00;Débit;195
16/07/1935 07:00;Hauteur;108
29/08/1935 07:00;Débit;164
29/08/1935 07:00;Hauteur;103
14/09/1935 07:00;Débit;135
14/09/1935 07:00;Hauteur;96
21/10/1935 07:00;Débit;124
21/10/1935 07:00;Hauteur;93
15/11/1935 07:00;Débit;253
15/11/1935 07:00;Hauteur;117
23/12/1935 07:00;Débit;985
23/12/1935 07:00;Hauteur;325
23/01/1936 07:00;Débit;1290
23/01/1936 07:00;Hauteur;449
23/01/1936 07:00;Débit;1290
23/01/1936 07:00;Hauteur;449
26/02/1936 07:00;Débit;1220
26/02/1936 07:00;Hauteur;423
01/03/1936 00:01;Débit;799
01/03/1936 00:01;Hauteur;257
07/04/1936 07:00;Débit;553
07/04/1936 07:00;Hauteur;180
01/05/1936 00:01;Débit;416
01/05/1936 00:01;Hauteur;144
24/06/1936 07:00;Débit;213
24/06/1936 07:00;Hauteur;111
25/07/1936 07:00;Débit;442
25/07/1936 07:00;Hauteur;150
06/08/1936 07:00;Débit;543
06/08/1936 07:00;Hauteur;177
30/09/1936 07:00;Débit;332
30/09/1936 07:00;Hauteur;127
04/10/1936 07:00;Débit;245
04/10/1936 07:00;Hauteur;116
22/11/1936 07:00;Débit;491
22/11/1936 07:00;Hauteur;161
13/12/1936 07:00;Débit;286
13/12/1936 07:00;Hauteur;121
04/03/1937 07:00;Débit;1500
04/03/1937 07:00;Hauteur;521
27/01/1937 07:00;Débit;751
27/01/1937 07:00;Hauteur;241
28/02/1937 23:59;Débit;1390
28/02/1937 23:59;Hauteur;485
04/03/1937 07:00;Débit;1500
04/03/1937 07:00;Hauteur;521
04/04/1937 07:00;Débit;770
04/04/1937 07:00;Hauteur;247
01/05/1937 00:01;Débit;567
01/05/1937 00:01;Hauteur;184
10/06/1937 07:00;Débit;354
10/06/1937 07:00;Hauteur;131
02/07/1937 07:00;Débit;392
02/07/1937 07:00;Hauteur;138
05/08/1937 07:00;Débit;231
05/08/1937 07:00;Hauteur;114
16/09/1937 07:00;Débit;164
16/09/1937 07:00;Hauteur;103
30/10/1937 07:00;Débit;386
30/10/1937 07:00;Hauteur;137
26/11/1937 07:00;Débit;213
26/11/1937 07:00;Hauteur;111
18/12/1937 07:00;Débit;447
18/12/1937 07:00;Hauteur;151
02/02/1938 07:00;Débit;916
02/02/1938 07:00;Hauteur;299
31/01/1938 23:59;Débit;867
31/01/1938 23:59;Hauteur;282
02/02/1938 07:00;Débit;916
02/02/1938 07:00;Hauteur;299
04/03/1938 07:00;Débit;410
04/03/1938 07:00;Hauteur;143
08/04/1938 07:00;Débit;170
08/04/1938 07:00;Hauteur;104
10/05/1938 07:00;Débit;176
10/05/1938 07:00;Hauteur;105
26/06/1938 07:00;Débit;146
26/06/1938 07:00;Hauteur;99
05/07/1938 07:00;Débit;201
05/07/1938 07:00;Hauteur;109
17/08/1938 07:00;Débit;149
17/08/1938 07:00;Hauteur;100
02/09/1938 07:00;Débit;404
02/09/1938 07:00;Hauteur;141
04/10/1938 07:00;Débit;131
04/10/1938 07:00;Hauteur;95
24/11/1938 07:00;Débit;225
24/11/1938 07:00;Hauteur;113
09/12/1938 07:00;Débit;343
09/12/1938 07:00;Hauteur;129
04/11/1939 07:00;Débit;1460
04/11/1939 07:00;Hauteur;509
27/01/1939 07:00;Débit;1090
27/01/1939 07:00;Hauteur;367
01/02/1939 00:01;Débit;821
01/02/1939 00:01;Hauteur;265
12/03/1939 07:00;Débit;682
12/03/1939 07:00;Hauteur;220
08/04/1939 07:00;Débit;679
08/04/1939 07:00;Hauteur;219
22/05/1939 07:00;Débit;608
22/05/1939 07:00;Hauteur;197
23/06/1939 07:00;Débit;465
23/06/1939 07:00;Hauteur;155
01/07/1939 07:00;Débit;270
01/07/1939 07:00;Hauteur;119
22/08/1939 07:00;Débit;213
22/08/1939 07:00;Hauteur;111
22/09/1939 07:00;Débit;225
22/09/1939 07:00;Hauteur;113
31/10/1939 23:59;Débit;1280
31/10/1939 23:59;Hauteur;445
04/11/1939 07:00;Débit;1460
04/11/1939 07:00;Hauteur;509
01/12/1939 00:01;Débit;1190
01/12/1939 00:01;Hauteur;411
23/02/1940 07:00;Débit;1200
23/02/1940 07:00;Hauteur;413
31/01/1940 23:59;Débit;916
31/01/1940 23:59;Hauteur;299
23/02/1940 07:00;Débit;1200
23/02/1940 07:00;Hauteur;413
01/03/1940 00:01;Débit;903
01/03/1940 00:01;Hauteur;294
30/04/1940 23:59;Débit;990
30/04/1940 23:59;Hauteur;327
07/05/1940 07:00;Débit;1010
07/05/1940 07:00;Hauteur;335
28/06/1940 07:00;Débit;319
28/06/1940 07:00;Hauteur;125
30/07/1940 07:00;Débit;381
30/07/1940 07:00;Hauteur;136
03/08/1940 07:00;Débit;365
03/08/1940 07:00;Hauteur;133
30/09/1940 23:59;Débit;280
30/09/1940 23:59;Hauteur;120
03/10/1940 07:00;Débit;343
03/10/1940 07:00;Hauteur;129
21/11/1940 07:00;Débit;582
21/11/1940 07:00;Hauteur;189
15/12/1940 07:00;Débit;776
15/12/1940 07:00;Hauteur;249
11/02/1941 07:00;Débit;1660
11/02/1941 07:00;Hauteur;573
31/01/1941 07:00;Débit;1540
31/01/1941 07:00;Hauteur;535
11/02/1941 07:00;Débit;1660
11/02/1941 07:00;Hauteur;573
03/03/1941 07:00;Débit;1190
03/03/1941 07:00;Hauteur;410
10/04/1941 07:00;Débit;757
10/04/1941 07:00;Hauteur;243
01/05/1941 07:00;Débit;419
01/05/1941 07:00;Hauteur;145
17/06/1941 07:00;Débit;679
17/06/1941 07:00;Hauteur;219
01/07/1941 00:01;Débit;440
01/07/1941 00:01;Hauteur;150
05/08/1941 07:00;Débit;270
05/08/1941 07:00;Hauteur;119
12/09/1941 07:00;Débit;195
12/09/1941 07:00;Hauteur;108
03/10/1941 07:00;Débit;319
03/10/1941 07:00;Hauteur;125
04/11/1941 07:00;Débit;381
04/11/1941 07:00;Hauteur;136
22/12/1941 07:00;Débit;456
22/12/1941 07:00;Hauteur;153
09/03/1942 07:00;Hauteur;345
29/01/1942 07:00;Débit;877
29/01/1942 07:00;Hauteur;285
02/02/1942 07:00;Débit;837
02/02/1942 07:00;Hauteur;271
09/03/1942 07:00;Débit;1030
09/03/1942 07:00;Hauteur;345
01/04/1942 00:01;Débit;576
01/04/1942 00:01;Hauteur;187
04/05/1942 07:00;Débit;176
04/05/1942 07:00;Hauteur;105
18/06/1942 07:00;Débit;213
18/06/1942 07:00;Hauteur;111
06/07/1942 07:00;Débit;253
06/07/1942 07:00;Hauteur;117
11/08/1942 07:00;Débit;120
11/08/1942 07:00;Hauteur;92
14/09/1942 07:00;Débit;153
14/09/1942 07:00;Hauteur;101
31/10/1942 23:59;Débit;401
31/10/1942 23:59;Hauteur;140
03/11/1942 07:00;Débit;556
03/11/1942 07:00;Hauteur;181
23/12/1942 07:00;Débit;404
23/12/1942 07:00;Hauteur;141
17/01/1943 07:00;Débit;1090
17/01/1943 07:00;Hauteur;369
17/01/1943 07:00;Débit;1090
17/01/1943 07:00;Hauteur;369
18/02/1943 07:00;Débit;582
18/02/1943 07:00;Hauteur;189
01/03/1943 07:00;Débit;404
01/03/1943 07:00;Hauteur;141
04/04/1943 07:00;Débit;146
04/04/1943 07:00;Hauteur;99
08/05/1943 07:00;Débit;731
08/05/1943 07:00;Hauteur;235
07/06/1943 07:00;Débit;146
07/06/1943 07:00;Hauteur;99
01/07/1943 07:00;Débit;113
01/07/1943 07:00;Hauteur;89
21/08/1943 07:00;Débit;131
21/08/1943 07:00;Hauteur;95
23/09/1943 07:00;Débit;107
23/09/1943 07:00;Hauteur;85
24/10/1943 07:00;Débit;131
24/10/1943 07:00;Hauteur;95
29/11/1943 07:00;Débit;176
29/11/1943 07:00;Hauteur;105
06/12/1943 07:00;Débit;419
06/12/1943 07:00;Hauteur;145
04/12/1944 07:00;Débit;1750
04/12/1944 07:00;Hauteur;603
29/01/1944 07:00;Débit;456
29/01/1944 07:00;Hauteur;153
13/02/1944 07:00;Débit;708
13/02/1944 07:00;Hauteur;228
19/03/1944 07:00;Débit;397
19/03/1944 07:00;Hauteur;139
07/04/1944 07:00;Débit;176
07/04/1944 07:00;Hauteur;105
08/05/1944 07:00;Débit;138
08/05/1944 07:00;Hauteur;97
18/06/1944 07:00;Débit;117
18/06/1944 07:00;Hauteur;91
11/07/1944 07:00;Débit;131
11/07/1944 07:00;Hauteur;95
29/08/1944 07:00;Débit;225
29/08/1944 07:00;Hauteur;113
07/09/1944 07:00;Débit;176
07/09/1944 07:00;Hauteur;105
28/10/1944 07:00;Débit;397
28/10/1944 07:00;Hauteur;139
30/11/1944 23:59;Débit;1500
30/11/1944 23:59;Hauteur;524
04/12/1944 07:00;Débit;1750
04/12/1944 07:00;Hauteur;603
16/02/1945 07:00;Débit;2010
16/02/1945 07:00;Hauteur;685
10/01/1945 07:00;Débit;718
10/01/1945 07:00;Hauteur;231
16/02/1945 07:00;Débit;2010
16/02/1945 07:00;Hauteur;685
01/03/1945 00:01;Débit;767
01/03/1945 00:01;Hauteur;246
01/04/1945 07:00;Débit;286
01/04/1945 07:00;Hauteur;121
11/05/1945 07:00;Débit;153
11/05/1945 07:00;Hauteur;101
22/06/1945 07:00;Débit;146
22/06/1945 07:00;Hauteur;99
10/07/1945 07:00;Débit;176
10/07/1945 07:00;Hauteur;105
27/08/1945 07:00;Débit;149
27/08/1945 07:00;Hauteur;100
27/09/1945 07:00;Débit;146
27/09/1945 07:00;Hauteur;99
03/10/1945 07:00;Débit;153
03/10/1945 07:00;Hauteur;101
12/11/1945 07:00;Débit;127
12/11/1945 07:00;Hauteur;94
31/12/1945 07:00;Débit;354
31/12/1945 07:00;Hauteur;131
13/02/1946 07:00;Hauteur;247
17/01/1946 07:00;Débit;376
17/01/1946 07:00;Hauteur;135
13/02/1946 07:00;Débit;770
13/02/1946 07:00;Hauteur;247
08/03/1946 07:00;Débit;699
08/03/1946 07:00;Hauteur;225
29/04/1946 07:00;Débit;225
29/04/1946 07:00;Hauteur;113
18/05/1946 07:00;Débit;270
18/05/1946 07:00;Hauteur;119
30/06/1946 23:59;Débit;397
30/06/1946 23:59;Hauteur;139
01/07/1946 07:00;Débit;433
01/07/1946 07:00;Hauteur;148
04/08/1946 07:00;Débit;213
04/08/1946 07:00;Hauteur;111
03/09/1946 07:00;Débit;201
03/09/1946 07:00;Hauteur;109
27/10/1946 07:00;Débit;176
27/10/1946 07:00;Hauteur;105
18/11/1946 07:00;Débit;117
18/11/1946 07:00;Hauteur;91
23/12/1946 07:00;Débit;261
23/12/1946 07:00;Hauteur;118
24/03/1947 07:00;Débit;888
24/03/1947 07:00;Hauteur;289
18/01/1947 07:00;Débit;456
18/01/1947 07:00;Hauteur;153
24/02/1947 07:00;Débit;404
24/02/1947 07:00;Hauteur;141
24/03/1947 07:00;Débit;888
24/03/1947 07:00;Hauteur;289
06/04/1947 07:00;Débit;776
06/04/1947 07:00;Hauteur;249
31/05/1947 07:00;Débit;146
31/05/1947 07:00;Hauteur;99
30/06/1947 07:00;Débit;261
30/06/1947 07:00;Hauteur;118
16/07/1947 07:00;Débit;213
16/07/1947 07:00;Hauteur;111
03/08/1947 07:00;Débit;201
03/08/1947 07:00;Hauteur;109
23/09/1947 07:00;Débit;138
23/09/1947 07:00;Hauteur;97
22/10/1947 07:00;Débit;146
22/10/1947 07:00;Hauteur;99
15/11/1947 07:00;Débit;124
15/11/1947 07:00;Hauteur;93
31/12/1947 23:59;Débit;594
31/12/1947 23:59;Hauteur;193
10/01/1948 07:00;Débit;1150
10/01/1948 07:00;Hauteur;395
10/01/1948 07:00;Débit;1150
10/01/1948 07:00;Hauteur;395
11/02/1948 07:00;Débit;863
11/02/1948 07:00;Hauteur;280
01/03/1948 07:00;Débit;404
01/03/1948 07:00;Hauteur;141
09/04/1948 07:00;Débit;365
09/04/1948 07:00;Hauteur;133
02/05/1948 07:00;Débit;201
02/05/1948 07:00;Hauteur;109
14/06/1948 07:00;Débit;213
14/06/1948 07:00;Hauteur;111
19/07/1948 07:00;Débit;278
19/07/1948 07:00;Hauteur;120
22/08/1948 07:00;Débit;386
22/08/1948 07:00;Hauteur;137
13/09/1948 07:00;Débit;404
13/09/1948 07:00;Hauteur;141
26/10/1948 07:00;Débit;253
26/10/1948 07:00;Hauteur;117
20/11/1948 07:00;Débit;407
20/11/1948 07:00;Hauteur;142
17/12/1948 07:00;Débit;253
17/12/1948 07:00;Hauteur;117
18/01/1949 07:00;Débit;498
18/01/1949 07:00;Hauteur;163
18/01/1949 07:00;Débit;498
18/01/1949 07:00;Hauteur;163
14/02/1949 07:00;Débit;286
14/02/1949 07:00;Hauteur;121
22/03/1949 07:00;Débit;238
22/03/1949 07:00;Hauteur;115
25/04/1949 07:00;Débit;238
25/04/1949 07:00;Hauteur;115
17/05/1949 07:00;Débit;225
17/05/1949 07:00;Hauteur;113
30/06/1949 23:59;Débit;246
30/06/1949 23:59;Hauteur;116
19/07/1949 07:00;Débit;261
19/07/1949 07:00;Hauteur;118
06/08/1949 07:00;Débit;176
06/08/1949 07:00;Hauteur;105
24/09/1949 07:00;Débit;270
24/09/1949 07:00;Hauteur;119
10/10/1949 07:00;Débit;253
10/10/1949 07:00;Hauteur;117
24/11/1949 07:00;Débit;278
24/11/1949 07:00;Hauteur;120
24/12/1949 07:00;Débit;404
24/12/1949 07:00;Hauteur;141
14/12/1950 07:00;Débit;738
14/12/1950 07:00;Hauteur;237
09/01/1950 07:00;Débit;319
09/01/1950 07:00;Hauteur;125
19/02/1950 07:00;Débit;692
19/02/1950 07:00;Hauteur;223
01/03/1950 00:01;Débit;600
01/03/1950 00:01;Hauteur;195
28/04/1950 07:00;Débit;474
28/04/1950 07:00;Hauteur;157
02/05/1950 07:00;Débit;470
02/05/1950 07:00;Hauteur;156
01/06/1950 07:00;Débit;238
01/06/1950 07:00;Hauteur;115
05/07/1950 07:00;Débit;238
05/07/1950 07:00;Hauteur;115
01/08/1950 07:00;Débit;195
01/08/1950 07:00;Hauteur;108
03/09/1950 07:00;Débit;319
03/09/1950 07:00;Hauteur;125
16/10/1950 07:00;Débit;238
16/10/1950 07:00;Hauteur;115
20/11/1950 07:00;Débit;465
20/11/1950 07:00;Hauteur;155
14/12/1950 07:00;Débit;738
14/12/1950 07:00;Hauteur;237
13/04/1951 07:00;Débit;837
13/04/1951 07:00;Hauteur;271
21/01/1951 07:00;Débit;764
21/01/1951 07:00;Hauteur;245
23/02/1951 07:00;Débit;670
23/02/1951 07:00;Hauteur;216
30/03/1951 07:00;Débit;682
30/03/1951 07:00;Hauteur;220
13/04/1951 07:00;Débit;837
13/04/1951 07:00;Hauteur;271
02/05/1951 07:00;Débit;365
02/05/1951 07:00;Hauteur;133
29/06/1951 07:00;Débit;712
29/06/1951 07:00;Hauteur;229
01/07/1951 07:00;Débit;718
01/07/1951 07:00;Hauteur;231
30/08/1951 07:00;Débit;238
30/08/1951 07:00;Hauteur;115
17/09/1951 07:00;Débit;201
17/09/1951 07:00;Hauteur;109
06/10/1951 07:00;Débit;176
06/10/1951 07:00;Hauteur;105
25/11/1951 07:00;Débit;530
25/11/1951 07:00;Hauteur;173
02/12/1951 07:00;Débit;494
02/12/1951 07:00;Hauteur;162
31/12/1952 07:00;Débit;1320
31/12/1952 07:00;Hauteur;459
23/01/1952 07:00;Débit;1040
23/01/1952 07:00;Hauteur;349
17/02/1952 07:00;Débit;1130
17/02/1952 07:00;Hauteur;387
31/03/1952 23:59;Débit;1060
31/03/1952 23:59;Hauteur;357
05/04/1952 07:00;Débit;1110
05/04/1952 07:00;Hauteur;379
26/05/1952 07:00;Débit;354
26/05/1952 07:00;Hauteur;131
27/06/1952 07:00;Débit;225
27/06/1952 07:00;Hauteur;113
14/07/1952 07:00;Débit;176
14/07/1952 07:00;Hauteur;105
14/08/1952 07:00;Débit;238
14/08/1952 07:00;Hauteur;115
14/09/1952 07:00;Débit;238
14/09/1952 07:00;Hauteur;115
27/10/1952 07:00;Débit;386
27/10/1952 07:00;Hauteur;137
30/11/1952 17:00;Débit;964
30/11/1952 17:00;Hauteur;316
31/12/1952 07:00;Débit;1320
31/12/1952 07:00;Hauteur;459
01/01/1953 00:01;Débit;1290
01/01/1953 00:01;Hauteur;448
01/01/1953 00:01;Débit;1290
01/01/1953 00:01;Hauteur;448
15/02/1953 07:00;Débit;815
15/02/1953 07:00;Hauteur;263
02/03/1953 07:00;Débit;563
02/03/1953 07:00;Hauteur;183
11/04/1953 07:00;Débit;225
11/04/1953 07:00;Hauteur;113
27/05/1953 07:00;Débit;270
27/05/1953 07:00;Hauteur;119
24/06/1953 07:00;Débit;270
24/06/1953 07:00;Hauteur;119
07/07/1953 07:00;Débit;253
07/07/1953 07:00;Hauteur;117
01/08/1953 00:01;Débit;170
01/08/1953 00:01;Hauteur;104
14/09/1953 07:00;Débit;225
14/09/1953 07:00;Hauteur;113
19/10/1953 07:00;Débit;213
19/10/1953 07:00;Hauteur;111
05/11/1953 07:00;Débit;201
05/11/1953 07:00;Hauteur;109
30/12/1953 07:00;Débit;158
30/12/1953 07:00;Hauteur;102
31/12/1954 07:00;Débit;556
31/12/1954 07:00;Hauteur;181
19/01/1954 07:00;Débit;286
19/01/1954 07:00;Hauteur;121
04/02/1954 07:00;Débit;397
04/02/1954 07:00;Hauteur;139
07/03/1954 07:00;Débit;428
07/03/1954 07:00;Hauteur;147
04/04/1954 07:00;Débit;456
04/04/1954 07:00;Hauteur;153
26/05/1954 07:00;Débit;286
26/05/1954 07:00;Hauteur;121
09/06/1954 07:00;Débit;138
09/06/1954 07:00;Hauteur;97
31/07/1954 07:00;Débit;127
31/07/1954 07:00;Hauteur;94
26/08/1954 07:00;Débit;176
26/08/1954 07:00;Hauteur;105
02/09/1954 07:00;Débit;153
02/09/1954 07:00;Hauteur;101
09/10/1954 07:00;Débit;225
09/10/1954 07:00;Hauteur;113
30/11/1954 23:59;Débit;228
30/11/1954 23:59;Hauteur;113
31/12/1954 07:00;Débit;556
31/12/1954 07:00;Hauteur;181
23/01/1955 17:00;Débit;2110
23/01/1955 17:00;Hauteur;712
23/01/1955 17:00;Débit;2110
23/01/1955 17:00;Hauteur;712
14/02/1955 12:00;Débit;1300
14/02/1955 12:00;Hauteur;453
01/03/1955 00:01;Débit;874
01/03/1955 00:01;Hauteur;284
01/04/1955 00:01;Débit;585
01/04/1955 00:01;Hauteur;190
02/05/1955 07:00;Débit;189
02/05/1955 07:00;Hauteur;107
14/06/1955 07:00;Débit;319
14/06/1955 07:00;Hauteur;125
20/07/1955 07:00;Débit;238
20/07/1955 07:00;Hauteur;115
02/08/1955 07:00;Débit;213
02/08/1955 07:00;Hauteur;111
04/09/1955 07:00;Débit;176
04/09/1955 07:00;Hauteur;105
24/10/1955 07:00;Débit;201
24/10/1955 07:00;Hauteur;109
22/11/1955 07:00;Débit;153
22/11/1955 07:00;Hauteur;101
31/12/1955 23:59;Débit;405
31/12/1955 23:59;Hauteur;141
02/02/1956 07:00;Débit;653
02/02/1956 07:00;Hauteur;211
31/01/1956 23:59;Débit;624
31/01/1956 23:59;Hauteur;202
02/02/1956 07:00;Débit;653
02/02/1956 07:00;Hauteur;211
05/03/1956 07:00;Débit;517
05/03/1956 07:00;Hauteur;169
18/04/1956 07:00;Débit;543
18/04/1956 07:00;Hauteur;177
26/05/1956 07:00;Débit;410
26/05/1956 07:00;Hauteur;143
05/06/1956 07:00;Débit;397
05/06/1956 07:00;Hauteur;139
21/07/1956 07:00;Débit;286
21/07/1956 07:00;Hauteur;121
31/08/1956 07:00;Débit;327
31/08/1956 07:00;Hauteur;126
29/09/1956 07:00;Débit;376
29/09/1956 07:00;Hauteur;135
09/10/1956 07:00;Débit;319
09/10/1956 07:00;Hauteur;125
30/11/1956 07:00;Débit;419
30/11/1956 07:00;Hauteur;145
04/12/1956 07:00;Débit;498
04/12/1956 07:00;Hauteur;163
01/03/1957 12:00;Débit;1360
01/03/1957 12:00;Hauteur;475
16/01/1957 07:00;Débit;465
16/01/1957 07:00;Hauteur;155
28/02/1957 23:59;Débit;1350
28/02/1957 23:59;Hauteur;471
01/03/1957 12:00;Débit;1360
01/03/1957 12:00;Hauteur;475
01/04/1957 07:00;Débit;343
01/04/1957 07:00;Hauteur;129
12/05/1957 07:00;Débit;195
12/05/1957 07:00;Hauteur;108
26/06/1957 07:00;Débit;354
26/06/1957 07:00;Hauteur;131
25/07/1957 07:00;Débit;231
25/07/1957 07:00;Hauteur;114
05/08/1957 07:00;Débit;207
05/08/1957 07:00;Hauteur;110
26/09/1957 07:00;Débit;286
26/09/1957 07:00;Hauteur;121
22/10/1957 07:00;Débit;253
22/10/1957 07:00;Hauteur;117
09/11/1957 07:00;Débit;386
09/11/1957 07:00;Hauteur;137
16/12/1957 07:00;Débit;404
16/12/1957 07:00;Hauteur;141
28/02/1958 07:00;Débit;1570
28/02/1958 07:00;Hauteur;547
23/01/1958 07:00;Débit;815
23/01/1958 07:00;Hauteur;263
28/02/1958 07:00;Débit;1570
28/02/1958 07:00;Hauteur;547
01/03/1958 00:01;Débit;1550
01/03/1958 00:01;Hauteur;541
01/04/1958 00:01;Débit;607
01/04/1958 00:01;Hauteur;197
28/05/1958 07:00;Débit;961
28/05/1958 07:00;Hauteur;315
01/06/1958 00:01;Débit;827
01/06/1958 00:01;Hauteur;267
20/07/1958 07:00;Débit;404
20/07/1958 07:00;Hauteur;141
23/08/1958 07:00;Débit;253
23/08/1958 07:00;Hauteur;117
05/09/1958 07:00;Débit;294
05/09/1958 07:00;Hauteur;122
18/10/1958 07:00;Débit;286
18/10/1958 07:00;Hauteur;121
12/11/1958 07:00;Débit;644
12/11/1958 07:00;Hauteur;208
25/12/1958 08:00;Débit;1130
25/12/1958 08:00;Hauteur;387
19/01/1959 08:00;Débit;1810
19/01/1959 08:00;Hauteur;622
19/01/1959 08:00;Débit;1810
19/01/1959 08:00;Hauteur;622
01/02/1959 00:01;Débit;1110
01/02/1959 00:01;Hauteur;376
08/03/1959 07:00;Débit;438
08/03/1959 07:00;Hauteur;149
30/04/1959 23:59;Débit;438
30/04/1959 23:59;Hauteur;149
02/05/1959 07:00;Débit;511
02/05/1959 07:00;Hauteur;167
02/06/1959 08:00;Débit;225
02/06/1959 08:00;Hauteur;113
20/07/1959 07:00;Débit;153
20/07/1959 07:00;Hauteur;101
21/08/1959 07:00;Débit;164
21/08/1959 07:00;Hauteur;103
30/09/1959 23:59;Débit;129
30/09/1959 23:59;Hauteur;94,4
22/10/1959 07:00;Débit;146
22/10/1959 07:00;Hauteur;99
21/11/1959 07:00;Débit;146
21/11/1959 07:00;Hauteur;99
26/12/1959 07:00;Débit;278
26/12/1959 07:00;Hauteur;120
08/12/1960 07:00;Débit;812
08/12/1960 07:00;Hauteur;262
06/01/1960 07:00;Débit;397
06/01/1960 07:00;Hauteur;139
29/02/1960 07:00;Débit;428
29/02/1960 07:00;Hauteur;147
06/03/1960 07:00;Débit;530
06/03/1960 07:00;Hauteur;173
19/04/1960 07:00;Débit;146
19/04/1960 07:00;Hauteur;99
26/05/1960 07:00;Débit;219
26/05/1960 07:00;Hauteur;112
25/06/1960 07:00;Débit;201
25/06/1960 07:00;Hauteur;109
17/07/1960 07:00;Débit;124
17/07/1960 07:00;Hauteur;93
30/08/1960 07:00;Débit;438
30/08/1960 07:00;Hauteur;149
02/09/1960 07:00;Débit;456
02/09/1960 07:00;Hauteur;153
31/10/1960 23:59;Débit;749
31/10/1960 23:59;Hauteur;240
02/11/1960 07:00;Débit;801
02/11/1960 07:00;Hauteur;258
08/12/1960 07:00;Débit;812
08/12/1960 07:00;Hauteur;262
09/02/1961 07:00;Débit;1120
09/02/1961 07:00;Hauteur;383
06/01/1961 07:00;Débit;1080
06/01/1961 07:00;Hauteur;365
09/02/1961 07:00;Débit;1120
09/02/1961 07:00;Hauteur;383
03/03/1961 07:00;Débit;595
03/03/1961 07:00;Hauteur;193
13/04/1961 07:00;Débit;270
13/04/1961 07:00;Hauteur;119
30/05/1961 07:00;Débit;311
30/05/1961 07:00;Hauteur;124
01/06/1961 07:00;Débit;238
01/06/1961 07:00;Hauteur;115
09/07/1961 07:00;Débit;146
09/07/1961 07:00;Hauteur;99
01/08/1961 07:00;Débit;131
01/08/1961 07:00;Hauteur;95
29/09/1961 07:00;Débit;138
29/09/1961 07:00;Hauteur;97
31/10/1961 07:00;Débit;153
31/10/1961 07:00;Hauteur;101
17/11/1961 07:00;Débit;278
17/11/1961 07:00;Hauteur;120
20/12/1961 07:00;Débit;618
20/12/1961 07:00;Hauteur;200
18/01/1962 07:00;Débit;975
18/01/1962 07:00;Hauteur;320
18/01/1962 07:00;Débit;975
18/01/1962 07:00;Hauteur;320
15/02/1962 07:00;Débit;760
15/02/1962 07:00;Hauteur;244
31/03/1962 23:59;Débit;713
31/03/1962 23:59;Hauteur;229
08/04/1962 07:00;Débit;941
08/04/1962 07:00;Hauteur;308
25/05/1962 07:00;Débit;614
25/05/1962 07:00;Hauteur;199
01/06/1962 00:01;Débit;411
01/06/1962 00:01;Hauteur;143
09/07/1962 07:00;Débit;189
09/07/1962 07:00;Hauteur;107
20/08/1962 07:00;Débit;146
20/08/1962 07:00;Hauteur;99
07/09/1962 07:00;Débit;131
07/09/1962 07:00;Hauteur;95
03/10/1962 07:00;Débit;127
03/10/1962 07:00;Hauteur;94
21/11/1962 07:00;Débit;138
21/11/1962 07:00;Hauteur;97
27/12/1962 07:00;Débit;319
27/12/1962 07:00;Hauteur;125
28/11/1963 07:00;Débit;634
28/11/1963 07:00;Hauteur;205
08/01/1963 07:00;Débit;410
08/01/1963 07:00;Hauteur;143
23/02/1963 07:00;Débit;238
23/02/1963 07:00;Hauteur;115
23/03/1963 07:00;Débit;438
23/03/1963 07:00;Hauteur;149
07/04/1963 07:00;Débit;410
07/04/1963 07:00;Hauteur;143
24/05/1963 07:00;Débit;343
24/05/1963 07:00;Hauteur;129
29/06/1963 07:00;Débit;419
29/06/1963 07:00;Hauteur;145
01/07/1963 00:01;Débit;268
01/07/1963 00:01;Hauteur;119
24/08/1963 07:00;Débit;338
24/08/1963 07:00;Hauteur;128
01/09/1963 07:00;Débit;253
01/09/1963 07:00;Hauteur;117
15/10/1963 07:00;Débit;164
15/10/1963 07:00;Hauteur;103
28/11/1963 07:00;Débit;634
28/11/1963 07:00;Hauteur;205
01/12/1963 00:01;Débit;517
01/12/1963 00:01;Hauteur;169
27/03/1964 07:00;Débit;787
27/03/1964 07:00;Hauteur;253
20/01/1964 07:00;Débit;245
20/01/1964 07:00;Hauteur;116
04/02/1964 07:00;Débit;343
04/02/1964 07:00;Hauteur;129
27/03/1964 07:00;Débit;787
27/03/1964 07:00;Hauteur;253
01/04/1964 00:01;Débit;575
01/04/1964 00:01;Hauteur;187
25/05/1964 07:00;Débit;338
25/05/1964 07:00;Hauteur;128
10/06/1964 07:00;Débit;386
10/06/1964 07:00;Hauteur;137
24/07/1964 07:00;Débit;153
24/07/1964 07:00;Hauteur;101
10/08/1964 07:00;Débit;115
10/08/1964 07:00;Hauteur;90
06/09/1964 08:00;Débit;213
06/09/1964 08:00;Hauteur;111
10/10/1964 07:00;Débit;135
10/10/1964 07:00;Hauteur;96
23/11/1964 07:00;Débit;189
23/11/1964 07:00;Hauteur;107
14/12/1964 07:00;Débit;207
14/12/1964 07:00;Hauteur;110
29/12/1965 07:00;Débit;1320
29/12/1965 07:00;Hauteur;460
31/01/1965 23:59;Débit;654
31/01/1965 23:59;Hauteur;211
01/02/1965 07:00;Débit;666
01/02/1965 07:00;Hauteur;215
28/03/1965 07:00;Débit;787
28/03/1965 07:00;Hauteur;253
01/04/1965 08:00;Débit;764
01/04/1965 08:00;Hauteur;245
07/05/1965 07:00;Débit;524
07/05/1965 07:00;Hauteur;171
08/06/1965 07:00;Débit;483
08/06/1965 07:00;Hauteur;159
02/07/1965 07:00;Débit;213
02/07/1965 07:00;Hauteur;111
08/08/1965 07:00;Débit;303
08/08/1965 07:00;Hauteur;123
20/09/1965 07:00;Débit;365
20/09/1965 07:00;Hauteur;133
08/10/1965 07:00;Débit;479
08/10/1965 07:00;Hauteur;158
30/11/1965 23:59;Débit;791
30/11/1965 23:59;Hauteur;254
29/12/1965 07:00;Débit;1320
29/12/1965 07:00;Hauteur;460
06/01/1966 07:00;Débit;1410
06/01/1966 07:00;Hauteur;491
06/01/1966 07:00;Débit;1410
06/01/1966 07:00;Hauteur;491
14/02/1966 07:00;Débit;1210
14/02/1966 07:00;Hauteur;417
03/03/1966 07:00;Débit;894
03/03/1966 07:00;Hauteur;291
19/04/1966 07:00;Débit;767
19/04/1966 07:00;Hauteur;246
02/05/1966 07:00;Débit;474
02/05/1966 07:00;Hauteur;157
23/06/1966 07:00;Débit;261
23/06/1966 07:00;Hauteur;118
08/07/1966 07:00;Débit;261
08/07/1966 07:00;Hauteur;118
07/08/1966 07:00;Débit;303
07/08/1966 07:00;Hauteur;123
09/09/1966 07:00;Débit;164
09/09/1966 07:00;Hauteur;103
26/10/1966 07:00;Débit;338
26/10/1966 07:00;Hauteur;128
11/11/1966 07:00;Débit;261
11/11/1966 07:00;Hauteur;118
15/12/1966 07:00;Débit;1080
15/12/1966 07:00;Hauteur;363
02/01/1967 07:00;Débit;1090
02/01/1967 07:00;Hauteur;368
02/01/1967 07:00;Débit;1090
02/01/1967 07:00;Hauteur;368
03/02/1967 07:00;Débit;708
03/02/1967 07:00;Hauteur;228
04/03/1967 07:00;Débit;614
04/03/1967 07:00;Hauteur;199
01/04/1967 07:00;Débit;303
01/04/1967 07:00;Hauteur;123
11/05/1967 07:00;Débit;343
11/05/1967 07:00;Hauteur;129
16/06/1967 07:00;Débit;183
16/06/1967 07:00;Hauteur;106
15/07/1967 07:00;Débit;164
15/07/1967 07:00;Hauteur;103
02/08/1967 07:00;Débit;164
02/08/1967 07:00;Hauteur;103
17/09/1967 07:00;Débit;176
17/09/1967 07:00;Hauteur;105
21/10/1967 07:00;Débit;238
21/10/1967 07:00;Hauteur;115
08/11/1967 07:00;Débit;465
08/11/1967 07:00;Hauteur;155
31/12/1967 23:59;Débit;880
31/12/1967 23:59;Hauteur;286
19/01/1968 07:00;Débit;1570
19/01/1968 07:00;Hauteur;546
19/01/1968 07:00;Débit;1570
19/01/1968 07:00;Hauteur;546
01/02/1968 00:01;Débit;1070
01/02/1968 00:01;Hauteur;362
01/03/1968 00:01;Débit;671
01/03/1968 00:01;Hauteur;217
01/04/1968 07:00;Débit;428
01/04/1968 07:00;Hauteur;147
10/05/1968 07:00;Débit;718
10/05/1968 07:00;Hauteur;231
01/06/1968 00:01;Débit;455
01/06/1968 00:01;Hauteur;153
06/07/1968 07:00;Débit;138
06/07/1968 07:00;Hauteur;97
31/08/1968 23:59;Débit;328
31/08/1968 23:59;Hauteur;126
24/09/1968 07:00;Débit;595
24/09/1968 07:00;Hauteur;193
01/10/1968 07:00;Débit;514
01/10/1968 07:00;Hauteur;168
11/11/1968 07:00;Débit;370
11/11/1968 07:00;Hauteur;134
30/12/1968 07:00;Débit;843
30/12/1968 07:00;Hauteur;273
08/05/1969 07:00;Débit;738
08/05/1969 07:00;Hauteur;237
01/01/1969 00:01;Débit;678
01/01/1969 00:01;Hauteur;219
27/02/1969 07:00;Débit;699
27/02/1969 07:00;Hauteur;225
19/03/1969 07:00;Débit;692
19/03/1969 07:00;Hauteur;223
30/04/1969 23:59;Débit;600
30/04/1969 23:59;Hauteur;194
08/05/1969 07:00;Débit;738
08/05/1969 07:00;Hauteur;237
05/06/1969 07:00;Débit;410
05/06/1969 07:00;Hauteur;143
01/07/1969 07:00;Débit;365
01/07/1969 07:00;Hauteur;133
02/08/1969 07:00;Débit;153
02/08/1969 07:00;Hauteur;101
18/09/1969 07:00;Débit;238
18/09/1969 07:00;Hauteur;115
02/10/1969 07:00;Débit;124
02/10/1969 07:00;Hauteur;93
11/11/1969 07:00;Débit;303
11/11/1969 07:00;Hauteur;123
26/12/1969 07:00;Débit;465
26/12/1969 07:00;Hauteur;155
05/03/1970 07:00;Débit;1630
05/03/1970 07:00;Hauteur;563
31/01/1970 23:59;Débit;630
31/01/1970 23:59;Hauteur;204
27/02/1970 17:00;Débit;1630
27/02/1970 17:00;Hauteur;563
05/03/1970 07:00;Débit;1630
05/03/1970 07:00;Hauteur;563
15/04/1970 07:00;Débit;969
15/04/1970 07:00;Hauteur;318
01/05/1970 00:01;Débit;663
01/05/1970 00:01;Hauteur;214
22/06/1970 07:00;Débit;354
22/06/1970 07:00;Hauteur;131
08/07/1970 07:00;Débit;343
08/07/1970 07:00;Hauteur;129
20/08/1970 07:00;Débit;207
20/08/1970 07:00;Hauteur;110
16/09/1970 07:00;Débit;149
16/09/1970 07:00;Hauteur;100
10/10/1970 07:00;Débit;176
10/10/1970 07:00;Hauteur;105
22/11/1970 07:00;Débit;286
22/11/1970 07:00;Hauteur;121
10/12/1970 07:00;Débit;376
10/12/1970 07:00;Hauteur;135
01/02/1971 07:00;Débit;556
01/02/1971 07:00;Hauteur;181
31/01/1971 23:59;Débit;541
31/01/1971 23:59;Hauteur;176
01/02/1971 07:00;Débit;556
01/02/1971 07:00;Hauteur;181
31/03/1971 23:59;Débit;267
31/03/1971 23:59;Hauteur;119
01/04/1971 07:00;Débit;270
01/04/1971 07:00;Hauteur;119
23/05/1971 07:00;Débit;348
23/05/1971 07:00;Hauteur;130
14/06/1971 07:00;Débit;332
14/06/1971 07:00;Hauteur;127
05/07/1971 07:00;Débit;207
05/07/1971 07:00;Hauteur;110
07/08/1971 07:00;Débit;164
07/08/1971 07:00;Hauteur;103
02/09/1971 07:00;Débit;149
02/09/1971 07:00;Hauteur;100
30/10/1971 07:00;Débit;153
30/10/1971 07:00;Hauteur;101
21/11/1971 07:00;Débit;319
21/11/1971 07:00;Hauteur;125
07/12/1971 07:00;Débit;189
07/12/1971 07:00;Hauteur;107
25/11/1972 07:00;Débit;679
25/11/1972 07:00;Hauteur;219
30/01/1972 07:00;Débit;319
30/01/1972 07:00;Hauteur;125
20/02/1972 07:00;Débit;424
20/02/1972 07:00;Hauteur;146
08/03/1972 07:00;Débit;207
08/03/1972 07:00;Hauteur;110
15/04/1972 07:00;Débit;327
15/04/1972 07:00;Hauteur;126
31/05/1972 07:00;Débit;238
31/05/1972 07:00;Hauteur;115
05/06/1972 07:00;Débit;201
05/06/1972 07:00;Hauteur;109
20/07/1972 07:00;Débit;365
20/07/1972 07:00;Hauteur;133
22/08/1972 07:00;Débit;498
22/08/1972 07:00;Hauteur;163
02/09/1972 07:00;Débit;207
02/09/1972 07:00;Hauteur;110
23/10/1972 07:00;Débit;158
23/10/1972 07:00;Hauteur;102
25/11/1972 07:00;Débit;679
25/11/1972 07:00;Hauteur;219
01/12/1972 00:01;Débit;495
01/12/1972 00:01;Hauteur;162
28/12/1973 07:00;Débit;781
28/12/1973 07:00;Hauteur;251
29/01/1973 07:00;Débit;410
29/01/1973 07:00;Hauteur;143
15/02/1973 07:00;Débit;679
15/02/1973 07:00;Hauteur;219
01/03/1973 00:01;Débit;558
01/03/1973 00:01;Hauteur;182
08/04/1973 07:00;Débit;207
08/04/1973 07:00;Hauteur;110
07/05/1973 07:00;Débit;365
07/05/1973 07:00;Hauteur;133
02/06/1973 07:00;Débit;504
02/06/1973 07:00;Hauteur;165
18/07/1973 07:00;Débit;225
18/07/1973 07:00;Hauteur;113
22/08/1973 07:00;Débit;207
22/08/1973 07:00;Hauteur;110
29/09/1973 07:00;Débit;213
29/09/1973 07:00;Hauteur;111
15/10/1973 07:00;Débit;245
15/10/1973 07:00;Hauteur;116
05/11/1973 07:00;Débit;303
05/11/1973 07:00;Hauteur;123
28/12/1973 07:00;Débit;781
28/12/1973 07:00;Hauteur;251
21/12/2014 01:53;Hauteur;236
07/11/2014 12:20;Débit;560
07/11/2014 12:20;Hauteur;182
21/12/2014 01:53;Débit;735
21/12/2014 01:53;Hauteur;236
05/01/2015 13:24;Débit;579
05/01/2015 13:24;Hauteur;188
05/01/2015 13:24;Débit;579
05/01/2015 13:24;Hauteur;188
06/03/2015 08:04;Débit;488
11/04/2015 08:32;Débit;410
25/05/2015 00:05;Débit;298
25/05/2015 00:05;Hauteur;122
06/06/2015 13:06;Débit;223
06/06/2015 13:06;Hauteur;113
03/02/2016 10:39;Hauteur;174
14/01/2016 14:05;Débit;434
14/01/2016 14:05;Hauteur;148
03/02/2016 10:39;Hauteur;174
